{
  "shoulder_pan.pos": -9.494505494505495,
  "shoulder_lift.pos": -104.26373626373626,
  "elbow_flex.pos": 99.38461538461539,
  "wrist_flex.pos": 63.64835164835165,
  "wrist_roll.pos": 1.1868131868131868,
  "gripper.pos": 2.8936742934051143
}